Estimator,x,y,bearing,x velocity,y velocity,angular velocity
dead reckoning,0.14178624,0.11051587,0.13637399,0.07918389,0.20535178,0.13837912
extended kalman,0.08042594,0.23856013,0.02720476,0.07813216,0.2047554,0.13837382
